cluster_number,tonnetz,mfcc,chroma,mel,contrast,numOfSongs
0,-0.810060681,-1.11856167,-1.184790316,-0.371890636,0.992275822,
1,-0.309563444,-0.045542926,0.009947961,-0.402088124,-0.117746433,
2,-0.575765193,0.917397788,0.179998338,1.454409856,0.066293562,
3,-0.269234975,-10.69275564,-5.740593482,-1.017693947,-11.67944572,
4,1.164504635,-0.307845624,-0.443287932,-0.28781002,0.415938633,
5,0.290084371,0.727776737,1.32692353,0.006654474,-0.937879063,
6,0.210296035,1.740767089,2.254195419,5.640763917,-1.709543369,
