cluster_number,tonnetz,mfcc,chroma,mel,contrast
0,0.21419448968293958,1.1051650591496434,0.1847403060913633,2.0098404232829727,-0.05254373064082056
1,-0.2264865080856221,-1.4319477232774964,-0.9522194490190892,-0.47166750277494635,0.9590566195066961
2,1.3578445937362362,-0.4524973698641991,-0.5383591239058277,-0.17574362620992917,1.1420283557672704
3,0.05314805187205187,1.8856663074146731,2.7438068864832044,2.9735654803684786,-2.1064602219031383
4,0.26625395978122585,0.03462286250845628,-0.1470363033310596,-0.3407989168811813,-0.3315622933973214
5,-1.3699267649876736,-0.28100644940010516,-0.49733348876916544,-0.16087292210626272,0.6008478468331712
6,-0.14022211680009625,0.8112869196349596,1.012877520462884,-0.1638985726861257,-0.8662931012442836
