cluster_number,tonnetz,mfcc,chroma,mel,contrast
0,-0.8100606806905617,-1.1185616704669286,-1.1847903155289217,-0.37189063565888314,0.9922758224291013
1,-0.30956344352572346,-0.04554292586365601,0.009947961387555144,-0.4020881243650533,-0.11774643265945818
2,-0.5757651927398105,0.917397787838351,0.17999833791329345,1.4544098561675658,0.06629356200000446
3,-0.26923497469249696,-10.692755638137017,-5.740593481967988,-1.0176939469031343,-11.679445724792057
4,1.1645046345021621,-0.30784562371613966,-0.4432879316276699,-0.28781001953275404,0.41593863280783394
5,0.29008437098540235,0.7277767370844233,1.32692352980581,0.006654474346101271,-0.9378790630706796
6,0.2102960348048537,1.7407670891620315,2.2541954189698066,5.640763916680552,-1.7095433688902728
