filename,tonnetz,mfcc,chroma,mel,contrast
chemical_brothers-setting_sun.mp3,0.003730384810170961,5.416120117408236,0.4494917966792417,23.241951647539683,21.434889535185395
kanye_west-gold_digger.mp3,0.022486631044001712,6.165927673161021,0.4530127936212408,23.41390965475845,24.21793904566821
processor-nibtal_7.mp3,-0.0005826765736063484,6.5687520476486245,0.5225020699685131,18.549872694032413,21.897138035426654
rage_against_the_machine-maggies_farm.mp3,0.0056401882281893025,4.9669577147746535,0.4303863050903479,17.252251948880872,24.18121499689425
wicked_boy-pressure.mp3,-0.0011750874085328525,6.210544597877918,0.483888841356837,25.84496541157691,22.572565678711282
