filename,tonnetz,mfcc,chroma,mel,contrast
wildest_dreams.mp3,0.0010707710236350265,-1.2553677523678999,0.3200148538499922,3.7404223751404775,25.82653410495495
