clusterid,avgf1,avgf2,avgf3,avgf4,avgf5,counts
0,0.0019337465139822535,6.125620544981741,0.32667630958953936,10.30237917942576,25.467389481228924,1
1,-0.00845691142591674,-14.685477293899536,0.3206133951107781,1.5944309695796668,32.694829380290535,1
2,0.034493408437285204,-9.205924742779263,0.2273399994339307,0.8207902016887885,27.858202183947018,1
3,0.004329183298318011,7.9513564041568126,0.5254642087359019,10.320001935220764,20.908549974992347,1
4,0.01609333851969493,-7.181340049902095,0.2322939325826804,1.5737872563259134,23.786868150978304,1
5,-0.029549162476250605,-11.093857718819358,0.217751584863348,3.5430725318633627,29.68873713213868,1
6,0.0030362818869264533,2.8707192151291663,0.395773047150737,5.057334967678683,22.181660840663763,1
