clusterid,avgf1,avgf2,avgf3,avgf4,avgf5,bitch
0,-0.006789363,-8.492290725,0.266606351,2.100858969,29.05595673,50
1,-0.000506271,-3.104190224,0.336522631,2.002623695,26.51070205,100
2,-0.003848088,1.731159921,0.346474007,8.0419864,26.93270139,200
